ativo_id,sistema,crit_norm,amb_norm,status_ativo,vulnerabilidades,criticas,altas,score
A0183,Sistema_183,Média,Produção,Ativo,7,5,1,48.0
A0120,Sistema_120,Alta,Produção,Ativo,11,4,3,93.0
A0059,Sistema_59,Alta,Desenvolvimento,Ativo,8,4,3,81.0
A0086,Sistema_86,Média,Produção,Ativo,12,4,4,68.0
A0189,Sistema_189,Alta,Homologação,Em desativação,6,4,1,63.0
A0100,Sistema_100,Alta,Produção,Ativo,6,4,0,57.0
A0139,Sistema_139,Média,Desenvolvimento,Em desativação,11,4,1,52.0
A0023,Sistema_23,Média,Desenvolvimento,Em desativação,9,4,0,46.0
A0142,Sistema_142,Média,Homologação,Ativo,7,4,1,44.0
A0082,Sistema_82,Média,Produção,Ativo,5,4,1,38.0
A0065,Sistema_65,Média,Desenvolvimento,Ativo,4,4,0,32.0
A0067,Sistema_67,Baixa,Homologação,Ativo,7,4,3,25.0
A0161,Sistema_161,Crítica,Homologação,Em desativação,8,3,4,104.0
A0132,Sistema_132,Crítica,Desenvolvimento,Ativo,9,3,1,100.0
A0102,Sistema_102,Crítica,Produção,Ativo,8,3,1,84.0
